time_step,0,1,2
feature,BCHUSD:return,BCHUSD:return,BCHUSD:return
timestamp,,,
2022-02-09 15:30:00,0.003941695,-0.004270319,-0.010300862
2022-02-09 16:00:00,-0.013292001,-0.003983101,0.005298959
2022-02-09 16:30:00,-0.004608155,-0.00055771694,-0.004325986
2022-02-09 17:00:00,0.0058075143,0.0013878997,0.0022446252
2022-02-09 17:30:00,0.0031423643,-0.0026653614,-0.010115311
2022-02-09 18:00:00,-5.3444877e-05,0.010955306,0.006596843
2022-02-09 18:30:00,-0.006190491,0.0003763903,-0.0063865576
2022-02-09 19:00:00,0.0039219176,-0.00024881773,0.006774351
2022-02-09 19:30:00,-0.011755421,0.0032661539,0.0009593228
2022-02-09 20:00:00,0.011303275,-0.006977441,0.0025244914
2022-02-09 20:30:00,0.0044362266,0.011260853,0.000523163
2022-02-09 21:00:00,0.016983956,0.0051877648,0.009346185
2022-02-09 21:30:00,-0.0051650116,0.006246472,-0.01235969
2022-02-09 22:00:00,0.00261164,-0.0059226807,0.013135206
2022-02-09 22:30:00,-0.009788443,0.00059995614,-0.0075709578
2022-02-09 23:00:00,0.026745416,0.014858758,0.021978112
2022-02-09 23:30:00,0.0050372677,0.0156559,0.006208957
2022-02-10 00:00:00,0.017569266,0.003944056,0.012806611
2022-02-10 00:30:00,0.00041667558,0.0016878936,-0.011615744
2022-02-10 01:00:00,-0.008191486,-0.006388288,0.008314142
2022-02-10 01:30:00,0.011996636,0.004904583,-0.0029784143
2022-02-10 02:00:00,0.009843827,0.015190391,-0.005478302
2022-02-10 02:30:00,-0.0016758861,0.012020172,0.005837856
2022-02-10 03:00:00,-0.004765968,-0.0009773653,-0.0038659405
2022-02-10 03:30:00,-0.0017322758,3.2592565e-05,0.0025672382
2022-02-10 04:00:00,0.001303128,-0.0013508778,-0.0059091803
2022-02-10 04:30:00,0.0001633903,-0.0017142016,-0.00089893676
2022-02-10 05:00:00,0.00032535195,-0.0057818405,-0.002702672
2022-02-10 05:30:00,0.0031063026,0.0047817025,-0.0022708345
2022-02-10 06:00:00,0.00061963033,0.0028678626,-0.0070792306
2022-02-10 06:30:00,-0.005854818,-0.0017544907,2.2197142e-05
2022-02-10 07:00:00,-0.00202832,-0.0021403302,-0.00981966
2022-02-10 07:30:00,-0.0017395746,-0.0058768913,-0.004718812
2022-02-10 08:00:00,0.004471938,-0.0009695962,0.00077374466
2022-02-10 08:30:00,-0.0006293878,-0.00043078326,-0.0014831983
2022-02-10 09:00:00,0.00174681,0.0025648419,-0.0007651355
2022-02-10 09:30:00,-0.003902004,-0.0006647445,-0.0020288192
2022-02-10 10:00:00,0.0036182245,0.004227573,-0.00053764135
2022-02-10 10:30:00,-0.0023177937,-0.0034431033,0.003199378
2022-02-10 11:00:00,-0.004463562,-0.0043207128,-0.0032991637
2022-02-10 11:30:00,-0.0034403363,-0.0011706557,-0.003746925
2022-02-10 12:00:00,-0.00073335785,-0.005018035,-0.00022764504
2022-02-10 12:30:00,-0.006435779,-0.0072502624,-0.002724247
2022-02-10 13:00:00,-0.0011138031,-0.009941807,-0.0037237946
2022-02-10 13:30:00,0.0025382182,0.0038254876,0.0038044853
2022-02-10 14:00:00,0.004694526,0.005446974,0.0035146642
2022-02-10 14:30:00,0.006254034,-0.0027230326,-0.0051953606
2022-02-10 15:00:00,-0.0025010556,0.002297055,0.0008842964
2022-02-10 15:30:00,-0.006837967,-0.007660508,-0.00745761
2022-02-10 16:00:00,-0.028766688,-0.020808326,-0.0030145291
2022-02-10 16:30:00,-0.014369954,-0.02062543,-0.0049537737
2022-02-10 17:00:00,0.025632761,0.005935712,-0.023012409
2022-02-10 17:30:00,-0.011639987,0.0050885435,0.019145409
2022-02-10 18:00:00,-0.016535442,-0.025915975,-0.010175517
2022-02-10 18:30:00,-0.0054162825,-0.012896216,0.0016077664
2022-02-10 19:00:00,-0.0033929842,0.0041049942,0.0021931715
2022-02-10 19:30:00,0.0048865546,0.0008826237,-0.0013276003
2022-02-10 20:00:00,0.012194558,0.008428907,0.0042751003
2022-02-10 20:30:00,-0.0023735603,0.002173284,-0.0047380365
2022-02-10 21:00:00,-0.00018770713,0.0018343162,0.007623138
2022-02-10 21:30:00,0.0020331414,0.011362681,0.0066764476
2022-02-10 22:00:00,0.009003178,-0.0042881984,0.0020645019
2022-02-10 22:30:00,0.0060464684,0.013721509,0.009250386
2022-02-10 23:00:00,0.0046898685,0.013234934,0.011172542
2022-02-10 23:30:00,-0.0016883751,0.011640168,-0.0009625908
2022-02-11 00:00:00,0.019063555,0.0073008873,0.01421365
2022-02-11 00:30:00,-0.004700967,0.0033438168,-0.010081537
2022-02-11 01:00:00,-0.0023231553,0.0018774997,-0.0073816925
2022-02-11 01:30:00,-0.0008207606,-0.005950477,0.009471726
2022-02-11 02:00:00,0.0023065796,0.0038967896,-0.006817747
2022-02-11 02:30:00,0.0012823706,-0.0043613333,0.001022594
2022-02-11 03:00:00,-0.022479203,-0.00063217804,0.0040649083
2022-02-11 03:30:00,0.0017613983,0.0048852507,-0.0010999031
2022-02-11 04:00:00,0.012240163,-0.007825324,-0.011758322
2022-02-11 04:30:00,0.007367323,0.00022537261,0.007826744
2022-02-11 05:00:00,-0.0089565115,0.00064633787,-0.0015587416
2022-02-11 05:30:00,0.000113665126,-0.007091252,0.0015783794
2022-02-11 06:00:00,-0.0023320094,-0.0017153304,-0.003085263
2022-02-11 06:30:00,0.0018468816,-0.003899837,0.0013633762
2022-02-11 07:00:00,-0.005431057,0.0040392783,-0.0031304564
2022-02-11 07:30:00,0.003995735,0.006462467,0.008557739
2022-02-11 08:00:00,0.010864793,0.010534943,0.0030379295
2022-02-11 08:30:00,-0.0004139794,0.0015056264,-0.0040838663
2022-02-11 09:00:00,-0.013723415,-0.0017328579,-0.005497534
2022-02-11 09:30:00,-0.00076596066,-0.011204669,-0.00043822825
2022-02-11 10:00:00,0.0017600544,-0.0062232483,-0.0023040194
2022-02-11 10:30:00,-0.0023369566,-0.0039482694,-0.0014187004
2022-02-11 11:00:00,-0.008217827,-0.004573187,0.0029105898
2022-02-11 11:30:00,-0.0071144467,0.0013327152,-0.0040096547
2022-02-11 12:00:00,-0.0074426467,-0.002518732,-0.008069377
2022-02-11 12:30:00,0.00015713088,-0.007936841,-0.0056697745
2022-02-11 13:00:00,-0.0024329275,-0.0009834003,0.00027423725
2022-02-11 13:30:00,-0.0012314515,-0.008465482,-0.004043283
2022-02-11 14:00:00,-0.00039602537,-0.00044259988,0.0015531089
2022-02-11 14:30:00,-0.0022730557,-0.0014476199,-0.0021652374
2022-02-11 15:00:00,-0.001181188,-0.0020900331,0.0013749655
2022-02-11 15:30:00,-0.0018853163,-0.0075060427,-0.004701983
2022-02-11 16:00:00,-0.0005874848,-0.0033203065,0.00485781
2022-02-11 16:30:00,0.0017665429,0.0033295583,-0.0015847553
2022-02-11 17:00:00,0.012563074,-0.00018085912,-0.00048298575
2022-02-11 17:30:00,-0.005174105,0.0015347917,-0.0006878786
2022-02-11 18:00:00,0.005064738,0.0072706696,0.0056965183
2022-02-11 18:30:00,0.0007333476,0.0040091667,0.0019877618
2022-02-11 19:00:00,0.00066523533,0.008009057,0.007412104
2022-02-11 19:30:00,0.0026655411,0.006151505,-0.0012456272
2022-02-11 20:00:00,0.0031963428,0.0009128917,0.001246212
2022-02-11 20:30:00,-0.005844892,0.001010498,0.000763583
2022-02-11 21:00:00,-0.0020933216,0.001016913,0.0011157431
2022-02-11 21:30:00,0.001020276,0.0057247356,-0.0051263906
2022-02-11 22:00:00,0.01229743,0.0028558727,-0.0040215403
2022-02-11 22:30:00,-0.003786371,0.015685603,0.0096171815
2022-02-11 23:00:00,0.010375756,0.010506723,0.011327477
2022-02-11 23:30:00,-0.0073557543,0.004485987,0.007977921
2022-02-14 00:00:00,0.019014712,0.013406612,0.016569315
2022-02-14 00:30:00,-0.009203927,-0.01404498,0.01236338
2022-02-14 01:00:00,-0.009310425,-0.007927004,-0.0019672886
2022-02-14 01:30:00,-0.008405917,0.004851464,-0.0036487281
2022-02-14 02:00:00,-0.00053715426,-0.0003087949,-0.0020579267
2022-02-14 02:30:00,-0.0005308986,-0.0075796675,0.0026307665
2022-02-14 03:00:00,-0.0016102539,0.0020527784,-0.0049418677
2022-02-14 03:30:00,-0.0045749256,-0.0108095165,-0.0020179022
2022-02-14 04:00:00,-0.00020332169,0.0015193913,-0.0026139654
2022-02-14 04:30:00,0.0021429574,-0.009752611,0.0052966
2022-02-14 05:00:00,-0.003504035,-0.011847051,-0.006937014
2022-02-14 05:30:00,-0.0029488849,-0.009291926,-0.0034913067
2022-02-14 06:00:00,-0.006531653,-0.0056677368,-0.008759931
2022-02-14 06:30:00,0.0006560255,-0.0080137085,-3.8769096e-05
2022-02-14 07:00:00,-0.008794337,-0.0052466765,-0.0010820758
2022-02-14 07:30:00,-0.00059571955,-0.002688365,-0.0011629034
2022-02-14 08:00:00,0.00039744098,0.0054654274,-0.0046228413
2022-02-14 08:30:00,0.003822334,-0.00280728,0.0068149753
2022-02-14 09:00:00,9.68473e-05,-0.0029036775,-0.003284419
2022-02-14 09:30:00,0.004669483,0.0027014855,0.003521828
2022-02-14 10:00:00,-0.0006548902,4.53759e-05,-0.0044257864
2022-02-14 10:30:00,0.011320552,0.00082410686,-0.0026247501
2022-02-14 11:00:00,-0.014395411,0.0010791924,-0.0013747979
2022-02-14 11:30:00,0.0046564173,0.0017338041,0.0022225548
2022-02-14 12:00:00,0.00062402803,0.0031606872,0.0034729047
2022-02-14 12:30:00,9.051617e-05,0.0018343367,0.0009357687
2022-02-14 13:00:00,-0.0031133378,-0.004692396,-0.0013157707
2022-02-14 13:30:00,0.00010119472,-0.0026166588,-0.0052246563
2022-02-14 14:00:00,-0.0035088593,-0.0068291705,-0.00046059117
2022-02-14 14:30:00,-0.00012673158,-0.0028619338,-0.00011204183
2022-02-14 15:00:00,-0.0076471036,-0.010465806,-0.0011940897
2022-02-14 15:30:00,-0.004122657,-0.005260879,-0.0059855487
2022-02-14 16:00:00,-0.006107644,-0.0059968997,-0.007554382
2022-02-14 16:30:00,-0.0049904706,0.0023700967,0.0010849535
2022-02-14 17:00:00,-0.0019361349,-0.0056495517,0.008725282
2022-02-14 17:30:00,-0.0031790296,0.005727589,-0.0005308408
2022-02-14 18:00:00,0.0052951304,0.0028942227,-0.0011807997
2022-02-14 18:30:00,5.5880286e-05,0.0042297095,-0.0011272449
2022-02-14 19:00:00,0.00220628,-0.0047932956,0.009302856
2022-02-14 19:30:00,0.0035844697,-0.00058708526,-0.008663952
2022-02-14 20:00:00,0.004635471,0.012008725,0.018578019
2022-02-14 20:30:00,0.002677028,0.005035458,0.005000256
2022-02-14 21:00:00,0.00783161,0.0014782082,0.0018404704
2022-02-14 21:30:00,-0.00742031,-0.0006159358,0.0051728645
2022-02-14 22:00:00,0.0027758935,0.0038395338,0.011079741
2022-02-14 22:30:00,0.00039967708,0.0050616264,0.0034312475
2022-02-14 23:00:00,0.0104176095,-0.0031499006,0.0031942725
2022-02-14 23:30:00,-0.0014376789,0.011210585,0.0026982669
2022-02-15 00:00:00,0.012299399,0.010333715,0.0073671453
2022-02-15 00:30:00,0.006348594,-0.002787279,-0.013928354
2022-02-15 01:00:00,0.0021774163,-0.0068842936,0.006700292
2022-02-15 01:30:00,0.001403654,0.0044939183,0.0016304981
2022-02-15 02:00:00,0.0026621856,-0.006682785,-0.0059960242
2022-02-15 02:30:00,0.0010441616,0.00028269365,0.0074972743
2022-02-15 03:00:00,0.0050266795,0.0028326027,-0.010783002
2022-02-15 03:30:00,-0.0038311156,-0.005185738,0.007554643
2022-02-15 04:00:00,-0.01130204,-0.023732984,-0.0075797047
2022-02-15 04:30:00,-0.015301933,-0.0055106133,-0.004273167
2022-02-15 05:00:00,-0.012025288,-0.004693866,-0.0078056213
2022-02-15 05:30:00,-0.00050701946,8.803047e-05,0.0027584024
2022-02-15 06:00:00,0.0070516886,0.0012673289,-0.0042571146
2022-02-15 06:30:00,-0.0040758075,0.008088103,0.0047845813
2022-02-15 07:00:00,-0.0027620373,-0.0054109786,-0.004937697
2022-02-15 07:30:00,0.0068429317,0.0041534994,-0.0001668483
2022-02-15 08:00:00,0.002325545,0.0005005859,-0.00057581067
2022-02-15 08:30:00,0.00020950753,-0.00032827072,0.0018043648
2022-02-15 09:00:00,-0.003623779,-0.0011310838,-0.0039233584
2022-02-15 09:30:00,-0.00030832458,-0.0022927038,-0.0022995397
2022-02-15 10:00:00,0.000442517,0.0010547433,-0.0016087145
2022-02-15 10:30:00,-0.004029275,-0.007548468,-0.010056501
2022-02-15 11:00:00,0.00012488198,0.0007879939,0.00570002
2022-02-15 11:30:00,-0.0008097524,-0.0040113013,-0.0017780401
2022-02-15 12:00:00,-0.0019780817,-0.002555972,-0.0041494463
2022-02-15 12:30:00,0.0031302227,-0.0006433446,-2.8694049e-05
2022-02-15 13:00:00,-0.0055785,-0.001320513,0.0006018616
2022-02-15 13:30:00,-0.003701591,-0.0059432145,-0.005779518
2022-02-15 14:00:00,-0.003610528,-0.0010195896,0.00053588115
2022-02-15 14:30:00,-0.00046934746,-0.007585967,-0.0064690057
2022-02-15 15:00:00,-0.0026693186,0.0030971002,0.0043391585
2022-02-15 15:30:00,-0.003563772,0.0017017294,0.004479246
2022-02-15 16:00:00,0.0069929725,0.004415946,-0.0072117355
2022-02-15 16:30:00,6.110128e-05,0.0018897802,0.0027127508
2022-02-15 17:00:00,0.0093224505,0.0031210743,0.0007309038
2022-02-15 17:30:00,0.0059951646,0.008795066,-0.0071696527
2022-02-15 18:00:00,0.0053964285,0.0039166156,0.008435678
2022-02-15 18:30:00,0.00032508466,0.008660909,0.0021938886
2022-02-15 19:00:00,0.01220072,0.008106995,0.0035971384
2022-02-15 19:30:00,-0.0015289513,0.005846318,0.0017635794
2022-02-15 20:00:00,0.008311094,-0.00073808245,0.008954478
2022-02-15 20:30:00,0.0019850554,0.01674539,0.0037423577
2022-02-15 21:00:00,0.012682314,0.0027931053,0.0043565165
2022-02-15 21:30:00,0.0008116616,0.008538285,4.9224123e-05
2022-02-15 22:00:00,0.011948262,0.0013942104,0.005629342
2022-02-15 22:30:00,-0.009822917,0.0028614718,-0.001766162
2022-02-15 23:00:00,0.015418633,0.00074099936,0.01377275
2022-02-15 23:30:00,-0.0009111939,0.015213853,0.006974958
2022-02-16 00:00:00,0.016105287,0.007782696,0.018509177
2022-02-16 00:30:00,-0.0012137378,-0.008716727,-0.016684512
2022-02-16 01:00:00,-0.0038373927,-0.009808512,-0.00074497424
2022-02-16 01:30:00,-0.0037550023,-0.0031503085,0.0042064693
2022-02-16 02:00:00,-0.010115645,-0.0046779737,-0.00306944
2022-02-16 02:30:00,0.00061565917,-0.006105529,0.0020480305
2022-02-16 03:00:00,-0.002653961,0.0017656237,-0.00047452748
2022-02-16 03:30:00,0.0011200262,-0.003453577,-0.004303498
2022-02-16 04:00:00,-0.0008630501,0.0003066007,-0.00013356842
2022-02-16 04:30:00,0.0026240936,-0.0003184229,0.009159772
2022-02-16 05:00:00,0.005202203,0.007909888,-0.0035914145
2022-02-16 05:30:00,0.00021011662,0.008309615,0.0035251696
2022-02-16 06:00:00,0.0015212586,-0.0060754176,-0.0075695943
2022-02-16 06:30:00,-0.002714213,-0.004524028,0.003984195
2022-02-16 07:00:00,0.0035962006,-0.0006804671,0.00035484508
2022-02-16 07:30:00,0.0024038125,0.007733968,-1.7415732e-06
2022-02-16 08:00:00,0.0020731343,0.0042256024,-0.0011739396
2022-02-16 08:30:00,-9.025447e-06,0.0040436164,0.0015391428
2022-02-16 09:00:00,0.0043344265,-0.0002909582,-0.0036455784
2022-02-16 09:30:00,0.00042236317,0.0006116349,-0.0014502853
2022-02-16 10:00:00,-0.0005385997,0.00082738884,0.0001919698
2022-02-16 10:30:00,0.0021538315,0.0017541256,-0.00059586205
2022-02-16 11:00:00,0.0013968414,0.0019009579,-0.001650922
2022-02-16 11:30:00,0.002482309,-0.004590763,-0.003047265
2022-02-16 12:00:00,-0.0025982084,0.0014077574,0.000734441
2022-02-16 12:30:00,-0.001684648,0.0009869561,-0.003922308
2022-02-16 13:00:00,0.004893969,0.000895394,0.00014475547
2022-02-16 13:30:00,-0.004170741,0.0027778316,-0.00013635121
2022-02-16 14:00:00,0.0013040239,0.0003319215,0.00083364453
2022-02-16 14:30:00,0.0034278827,0.0036444794,-0.0006154012
2022-02-16 15:00:00,0.0022544833,-0.00042499788,-0.0011167079
2022-02-16 15:30:00,0.00047175493,-0.0008104108,6.320141e-05
2022-02-16 16:00:00,-0.0052206935,0.0009413697,0.0038102418
2022-02-16 16:30:00,-0.0067694196,-0.013666758,-0.005920537
2022-02-16 17:00:00,-0.00015932228,0.0025295652,0.0019876081
2022-02-16 17:30:00,-0.0008977726,0.0002062153,-0.009016618
2022-02-16 18:00:00,0.00854019,-0.0026546512,0.0032696966
2022-02-16 18:30:00,0.00090308767,0.0031937174,-0.006507246
2022-02-16 19:00:00,0.0053870985,0.0003204625,0.0087918695
2022-02-16 19:30:00,-0.00040582288,0.0074486714,0.002274949
2022-02-16 20:00:00,0.011209606,0.0034683626,0.004561303
2022-02-16 20:30:00,-0.0032088086,0.0018946547,0.00031298026
2022-02-16 21:00:00,0.009773689,-0.0041824877,0.005929431
2022-02-16 21:30:00,0.005147755,0.014099611,0.000251526
2022-02-16 22:00:00,0.007563765,-0.010386931,0.006053608
2022-02-16 22:30:00,-0.016672917,0.013142055,0.006165359
2022-02-16 23:00:00,0.00991311,-0.0030647554,-0.00016933493
2022-02-16 23:30:00,-0.008715072,0.006716443,-0.002847137
2022-02-17 00:00:00,0.00439909,-0.009265043,0.005585311
2022-02-17 00:30:00,-0.00528098,-0.0074370373,-0.01618539
2022-02-17 01:00:00,0.005165144,-0.00083286874,0.012181554
2022-02-17 01:30:00,-0.002298857,-0.0008312017,-0.0014831722
2022-02-17 02:00:00,0.0033562416,0.002493484,-0.00087157637
2022-02-17 02:30:00,1.4193356e-05,-0.0029978957,0.003770139
2022-02-17 03:00:00,-0.00042008143,-0.0014322642,0.000649713
2022-02-17 03:30:00,-0.0024584886,0.002885431,-0.0005017277
2022-02-17 04:00:00,0.00022370089,-0.0010186266,-0.0034747906
2022-02-17 04:30:00,0.0016877456,-0.0018815193,0.008769109
2022-02-17 05:00:00,-0.0015452811,-0.0027907956,-0.0028711688
2022-02-17 05:30:00,0.0023640068,-0.0021304209,-0.0011269022
2022-02-17 06:00:00,0.003443746,0.004018413,-0.0036724936
2022-02-17 06:30:00,-0.0062889466,-0.0025020875,0.003111422
2022-02-17 07:00:00,-0.0058561275,-0.0058609676,-0.008524943
2022-02-17 07:30:00,0.004052868,0.0010978077,0.0019973386
2022-02-17 08:00:00,-0.00032645278,0.0011202712,0.001128599
2022-02-17 08:30:00,-0.00029421225,-0.003540095,-0.002203796
2022-02-17 09:00:00,-0.00033524167,-0.0019885767,0.0018438194
2022-02-17 09:30:00,-0.0015081353,-0.0039576255,-0.006050069
2022-02-17 10:00:00,0.0016105706,-0.0074427836,-0.0021457914
2022-02-17 10:30:00,0.00037682522,0.009625993,0.007959562
2022-02-17 11:00:00,-0.0030176062,-0.0004757233,-0.0090599675
2022-02-17 11:30:00,-0.002386774,-0.0052560214,0.0007507559
2022-02-17 12:00:00,-0.0074618673,-0.0024059843,0.0021308847
2022-02-17 12:30:00,-0.005346355,0.00057185255,0.00095617585
2022-02-17 13:00:00,-0.0014783684,5.238317e-05,-0.0018218402
2022-02-17 13:30:00,-0.0004680911,-0.0004022736,0.00020108931
2022-02-17 14:00:00,0.0028236443,0.002672786,0.0003978666
2022-02-17 14:30:00,-0.002408051,-0.0012490228,-0.0030577108
2022-02-17 15:00:00,0.0056159655,-0.0032798778,0.0025715288
2022-02-17 15:30:00,0.00080468226,-0.00030128472,-0.0050264206
2022-02-17 16:00:00,-0.0028829845,-0.0033314638,-0.005342452
2022-02-17 16:30:00,-0.0048005404,0.0014601238,-0.0009727124
2022-02-17 17:00:00,-0.0028687026,0.00027456507,0.0032494813
2022-02-17 17:30:00,-0.005229906,-0.00406993,-0.0024577342
2022-02-17 18:00:00,-0.0029405905,-0.0004215166,0.0016081594
2022-02-17 18:30:00,0.0042600315,0.008513518,-0.002500059
2022-02-17 19:00:00,0.0062215896,0.001806045,0.0010014195
2022-02-17 19:30:00,-0.005462923,0.0063591255,0.0035232818
2022-02-17 20:00:00,-0.00088507775,-0.001492383,0.004622465
2022-02-17 20:30:00,-0.0032240646,-0.0023634918,-0.0019586384
2022-02-17 21:00:00,-0.0038024494,-0.0049331523,0.018196205
2022-02-17 21:30:00,0.006159705,0.011598991,-0.00402325
2022-02-17 22:00:00,0.008880568,-0.0028549116,0.010193106
2022-02-17 22:30:00,0.0019156551,0.008988516,0.0021070903
2022-02-17 23:00:00,0.011951628,0.006815261,0.019066775
2022-02-17 23:30:00,0.010471209,0.019440562,0.0059924116
2022-02-18 00:00:00,0.01672643,0.009514314,0.011533033
2022-02-18 00:30:00,-0.014789342,0.005251512,0.019855851
2022-02-18 01:00:00,-0.0013694437,-0.0002477523,0.004658657
2022-02-18 01:30:00,-0.010979584,-0.0041695926,0.0069668936
2022-02-18 02:00:00,-0.0023106532,-0.0002154354,-0.0041146018
2022-02-18 02:30:00,0.007882896,0.0076697115,0.0036166478
2022-02-18 03:00:00,0.0035133054,0.0069097225,-0.0076513235
2022-02-18 03:30:00,-0.010560797,-0.002840532,0.0041541625
2022-02-18 04:00:00,-0.0033155708,-0.0016979519,0.002230825
2022-02-18 04:30:00,-0.0012096306,0.0019212235,-0.0017492305
2022-02-18 05:00:00,-0.003972226,-0.005226562,-0.001770854
2022-02-18 05:30:00,0.0034813033,-0.00072944164,0.002744032
2022-02-18 06:00:00,-0.0029024659,0.0062147304,-0.003032377
2022-02-18 06:30:00,-4.6845526e-07,-0.0013548471,0.000762552
2022-02-18 07:00:00,-0.0026959414,-0.004892271,-0.0059191454
2022-02-18 07:30:00,-0.0056107184,-0.0063343644,-0.004147038
2022-02-18 08:00:00,-0.0018074391,-0.0015936438,-0.0052543003
2022-02-18 08:30:00,-0.0047235014,-0.00664312,0.00015944056
2022-02-18 09:00:00,-0.007516048,-0.009424357,-0.0073579345
2022-02-18 09:30:00,-0.0060590142,-0.00858666,-0.00093861297
2022-02-18 10:00:00,-0.001909893,-0.008145388,-0.0012632031
2022-02-18 10:30:00,-0.014918857,-0.0060572866,0.004815031
2022-02-18 11:00:00,-0.008464423,-0.03596615,-0.032762915
2022-02-18 11:30:00,-0.009527004,-0.011736104,0.0046281125
2022-02-18 12:00:00,-0.0063550295,-0.0025774445,-2.3791566e-05
2022-02-18 12:30:00,-0.0027187252,-0.003840426,-0.0016576517
2022-02-18 13:00:00,-0.0067978883,-0.0034034941,-0.0029497575
2022-02-18 13:30:00,0.0052765356,-0.00013290904,-0.0005974006
2022-02-18 14:00:00,-0.0058911154,0.0013250392,0.0049280636
2022-02-18 14:30:00,0.0003776038,0.004332127,3.2408163e-05
2022-02-18 15:00:00,0.001067643,-0.005669875,-0.0028794818
2022-02-18 15:30:00,-0.0030266484,-0.00013906136,-0.005132066
2022-02-18 16:00:00,0.0024739737,0.005210839,0.0014998317
2022-02-18 16:30:00,-0.0011388306,0.0039292406,-0.003937427
2022-02-18 17:00:00,-0.0062583713,0.0046808105,0.006318683
2022-02-18 17:30:00,-0.0027406784,-0.013289766,-0.01569544
2022-02-18 18:00:00,-0.011486654,-0.0018388554,0.01664414
2022-02-18 18:30:00,0.0019039446,-0.0005072858,-0.01056521
2022-02-18 19:00:00,0.0028424365,-0.0027167443,0.0024321917
2022-02-18 19:30:00,-0.0065496033,0.0061792415,0.007708447
2022-02-18 20:00:00,0.0055493154,0.0065788785,0.0017422121
2022-02-18 20:30:00,-0.0001944825,0.006267243,0.0046532545
2022-02-18 21:00:00,0.0031471923,0.0021344032,0.013932422
2022-02-18 21:30:00,-0.0041406965,0.010846037,0.0019230423
2022-02-18 22:00:00,0.0117502315,-0.0027305204,0.00843122
2022-02-18 22:30:00,0.0033445247,0.0075841667,-0.00018714368
2022-02-18 23:00:00,0.005426281,0.011399183,0.016432146
2022-02-18 23:30:00,0.008042785,0.018587872,0.005416842
2022-02-21 00:00:00,0.017706871,0.010005967,0.009552771
2022-02-21 00:30:00,-0.014611854,-0.0046394207,0.01940064
2022-02-21 01:00:00,-0.0045348974,0.005750494,-0.0035759918
2022-02-21 01:30:00,-0.00088817533,0.0048520416,0.002344029
2022-02-21 02:00:00,0.0043225037,0.01336173,-0.00085538626
2022-02-21 02:30:00,-0.008000509,-0.01710138,-0.0026356354
2022-02-21 03:00:00,-0.005208011,-0.009598279,-0.0060973167
2022-02-21 03:30:00,0.0056525217,-0.0072724335,-0.0014914293
2022-02-21 04:00:00,-0.007866283,0.014116695,0.0095671415
2022-02-21 04:30:00,0.0004281411,-0.008141516,-0.0053174216
2022-02-21 05:00:00,-0.0053083887,0.0030882452,-0.006167421
2022-02-21 05:30:00,-0.002252373,0.0035541262,0.004502723
2022-02-21 06:00:00,0.008023119,0.006886988,-0.011401841
2022-02-21 06:30:00,0.0007584682,0.0031200238,0.00743556
2022-02-21 07:00:00,0.00026690867,-0.0048515312,-0.00085999444
2022-02-21 07:30:00,0.0038874121,0.0015738085,-0.0012617689
2022-02-21 08:00:00,-0.0031851148,0.0067577045,0.0010379348
2022-02-21 08:30:00,0.0019778544,-0.0044420827,0.0006794669
2022-02-21 09:00:00,-0.0057242652,-0.0054900926,-0.0013322886
2022-02-21 09:30:00,0.0018584784,-0.0023655128,-0.0005978197
2022-02-21 10:00:00,-0.0035426812,0.0016264804,0.004045577
2022-02-21 10:30:00,0.0024851887,-0.003898574,0.002244195
2022-02-21 11:00:00,0.008318189,0.005983336,-0.0008817334
2022-02-21 11:30:00,0.0054782284,-0.0015116874,-0.0052318946
2022-02-21 12:00:00,-0.0069013843,-0.004053099,-0.0015487429
2022-02-21 12:30:00,-0.0033539915,-0.010486541,0.0015100222
2022-02-21 13:00:00,-0.0001244843,-0.0029777102,0.000257032
2022-02-21 13:30:00,-0.003197399,0.0018688776,0.0045804754
2022-02-21 14:00:00,0.008572805,0.007193966,-0.004428612
2022-02-21 14:30:00,-0.0015551867,0.0037672035,0.0058207996
2022-02-21 15:00:00,0.0039920723,0.010513842,0.0067573823
2022-02-21 15:30:00,0.004651594,0.005328795,0.00020636246
2022-02-21 16:00:00,-0.012463317,-0.009227978,0.0009825686
2022-02-21 16:30:00,0.0046898653,-0.014583876,-0.004258048
2022-02-21 17:00:00,-0.003220425,-0.00096113235,0.004377475
2022-02-21 17:30:00,-0.011013486,0.0019588172,0.0072207786
2022-02-21 18:00:00,0.0031445445,0.009543434,0.006256737
2022-02-21 18:30:00,0.009715701,0.0044453163,0.0040537063
2022-02-21 19:00:00,0.010678894,0.008934068,0.005713963
2022-02-21 19:30:00,0.0052774036,0.010468354,-0.005626792
2022-02-21 20:00:00,0.0086296415,0.008404376,0.005645307
2022-02-21 20:30:00,-0.00044363458,0.002251463,0.005591089
2022-02-21 21:00:00,-0.006661187,-0.0017426666,0.010119462
2022-02-21 21:30:00,-0.007832057,-0.00045518763,0.004871741
2022-02-21 22:00:00,0.0072079236,0.01985506,0.0022930233
2022-02-21 22:30:00,-0.001742484,0.0050968956,0.006829446
2022-02-21 23:00:00,0.004055434,0.00011043437,-0.00087156706
2022-02-21 23:30:00,0.007600392,0.0055565294,0.0033985246
2022-02-22 00:00:00,0.013954553,0.02350507,0.015337939
2022-02-22 00:30:00,0.0003788704,-0.01389608,-0.012164425
2022-02-22 01:00:00,0.0071969284,0.013038663,0.018021261
2022-02-22 01:30:00,0.00789883,-0.008280769,0.0051307464
2022-02-22 02:00:00,-0.004506479,0.0078068357,-0.005029695
2022-02-22 02:30:00,-0.0062203957,-0.018649729,0.0021892898
2022-02-22 03:00:00,-0.0049931975,-0.0021805242,0.008803302
2022-02-22 03:30:00,0.0046222815,-0.0024366602,0.0045181997
2022-02-22 04:00:00,3.0425377e-05,0.008675156,0.0040065655
2022-02-22 04:30:00,-0.0013110563,-0.0032255147,-0.003210377
2022-02-22 05:00:00,0.011108923,0.011067684,-0.0015114807
2022-02-22 05:30:00,0.001113331,-0.0024076514,-0.0010485668
2022-02-22 06:00:00,-0.006549106,0.009290621,0.0021009278
2022-02-22 06:30:00,0.0064159045,0.020961493,0.00888684
2022-02-22 07:00:00,0.0042587323,0.0011201594,-0.0016883407
2022-02-22 07:30:00,-0.0012822822,-0.0037806164,-0.011927435
2022-02-22 08:00:00,0.009244793,0.017607838,0.012398113
2022-02-22 08:30:00,0.00394068,0.006706992,-0.0059561096
2022-02-22 09:00:00,-0.008699563,0.0014998503,2.2713095e-05
2022-02-22 09:30:00,0.003930093,2.3320317e-06,0.002002853
2022-02-22 10:00:00,-0.0060593477,0.0011809152,-0.0029409435
2022-02-22 10:30:00,0.0031651594,-0.00031181052,0.0027849022
2022-02-22 11:00:00,-0.0012397384,0.00024759583,0.0020133313
2022-02-22 11:30:00,-0.004445077,-0.0015962459,-0.008805197
2022-02-22 12:00:00,0.0006859759,-0.0016541332,0.0026652385
2022-02-22 12:30:00,0.0032765893,0.005383108,-0.00040174462
2022-02-22 13:00:00,-0.0015924713,-0.00032923557,0.0018992722
2022-02-22 13:30:00,-0.00337148,-0.005626118,-0.0011377055
2022-02-22 14:00:00,0.0036286889,0.0006704666,-0.00056187063
2022-02-22 14:30:00,0.0022731395,0.00023511238,-0.008091396
2022-02-22 15:00:00,-0.0029575406,0.0018262602,0.0032996098
2022-02-22 15:30:00,-0.0031286785,0.002336247,-0.0033381898
2022-02-22 16:00:00,0.002392727,-0.006885145,-0.0004394222
2022-02-22 16:30:00,0.00088963564,0.0039972607,0.0042602634
2022-02-22 17:00:00,-0.0049729077,-0.004026696,0.004438866
2022-02-22 17:30:00,0.0063395444,0.0044520907,-0.00037430786
2022-02-22 18:00:00,0.010851025,0.0098989345,0.0019561164
2022-02-22 18:30:00,-0.011450418,-0.007321937,0.0010097427
2022-02-22 19:00:00,0.0028210469,-0.004047094,-0.0017768033
2022-02-22 19:30:00,0.0016350755,0.008062718,0.0026571192
2022-02-22 20:00:00,0.010083357,0.0047177505,0.0053739697
2022-02-22 20:30:00,-0.005816168,0.0021545961,-0.0001707729
2022-02-22 21:00:00,0.01091643,0.0005179625,0.0062454157
2022-02-22 21:30:00,0.0045011286,0.009021644,0.0003433954
2022-02-22 22:00:00,0.012956898,0.01176553,0.0042076474
2022-02-22 22:30:00,0.004298188,0.0053464714,-0.003231654
2022-02-22 23:00:00,0.011330185,0.01177522,0.010402545
2022-02-22 23:30:00,-0.0034174984,0.013891103,-0.0017061699
2022-02-23 00:00:00,0.015873957,-0.0041983332,0.006421512
2022-02-23 00:30:00,-0.0019737137,-0.0016822834,0.005847374
2022-02-23 01:00:00,0.00206435,0.0047335513,0.0050902683
2022-02-23 01:30:00,-0.005983562,0.0049428754,0.0062789675
2022-02-23 02:00:00,-0.0023277085,-0.0020355452,-0.011835964
2022-02-23 02:30:00,0.00018215925,-0.0031609088,0.0043654777
2022-02-23 03:00:00,-0.0058451844,-0.0011801235,-0.0112243
2022-02-23 03:30:00,0.004942946,-0.0047066566,0.004447678
2022-02-23 04:00:00,-0.0006116191,0.0018148441,-0.0021564271
2022-02-23 04:30:00,0.0050047403,0.00022164918,0.004665739
2022-02-23 05:00:00,-0.0016473792,-0.004562838,-0.0027409699
2022-02-23 05:30:00,0.0037817452,-0.0029308535,0.0038406868
2022-02-23 06:00:00,0.0057850555,0.00013058074,0.0029865615
2022-02-23 06:30:00,0.00026042853,0.008017126,0.009249075
2022-02-23 07:00:00,0.0059413062,0.0025237743,-0.002608467
2022-02-23 07:30:00,-0.0015638424,0.0017782804,0.002666138
2022-02-23 08:00:00,-0.004659419,0.0008123461,-0.004842961
2022-02-23 08:30:00,0.0028422354,-0.0013699792,0.005673729
2022-02-23 09:00:00,0.004348493,0.008141308,-0.0031984057
2022-02-23 09:30:00,-0.00023773871,0.0002565775,-0.0010234509
2022-02-23 10:00:00,-0.00034081843,-0.005758466,-0.003024878
2022-02-23 10:30:00,0.0007087728,0.008503806,0.006688376
2022-02-23 11:00:00,0.006412131,0.001396615,-0.0015533715
2022-02-23 11:30:00,-0.0016426863,-0.0058617704,-0.0012055654
2022-02-23 12:00:00,0.000396478,-0.0034214202,-0.0047708508
2022-02-23 12:30:00,-0.00051973294,-0.00754169,-0.0072215945
2022-02-23 13:00:00,0.003070903,0.00041510165,0.0028579682
2022-02-23 13:30:00,0.0011434443,-0.0015362147,-0.004798323
2022-02-23 14:00:00,0.00237633,0.0050213095,0.0058497395
2022-02-23 14:30:00,-0.0018103467,-0.00073624775,-0.0051034894
2022-02-23 15:00:00,0.004232914,0.0012874193,0.0041455273
2022-02-23 15:30:00,-0.002393283,-0.0019924883,-0.00032161176
2022-02-23 16:00:00,0.000752612,0.0028757881,0.0020725857
2022-02-23 16:30:00,0.0037975563,0.0014328528,-0.0005189385
2022-02-23 17:00:00,0.004014722,0.0028394107,0.0045310687
2022-02-23 17:30:00,0.003451691,0.0034742523,-0.0014411546
2022-02-23 18:00:00,0.0017521074,0.007600574,0.0069699977
2022-02-23 18:30:00,0.0015730383,0.0023421478,-0.0016507357
2022-02-23 19:00:00,0.0068734074,0.0009929407,0.008299129
2022-02-23 19:30:00,0.0027082767,0.0052038934,0.0023102164
2022-02-23 20:00:00,0.00027070008,0.0037330315,0.006522367
2022-02-23 20:30:00,6.2252395e-05,0.005096089,-0.0026459303
2022-02-23 21:00:00,0.0016868608,0.0056681074,0.0009826999
2022-02-23 21:30:00,-0.0044105025,0.005961165,-0.0008175615
2022-02-23 22:00:00,0.0068181464,0.003450757,0.0041850936
2022-02-23 22:30:00,0.0013853954,0.0052208435,0.0019782297
2022-02-23 23:00:00,0.009688838,-0.0016476978,0.00395236
2022-02-23 23:30:00,-0.0140779475,0.004782915,0.0052830297
2022-02-24 00:00:00,0.020126592,0.015443934,0.023811886
2022-02-24 00:30:00,0.01022517,-0.002001498,-0.008994428
2022-02-24 01:00:00,0.006350971,0.01781682,0.008517476
2022-02-24 01:30:00,-0.008607236,0.0007786341,-0.0024068654
2022-02-24 02:00:00,-0.003907175,0.0022593774,-0.005491687
2022-02-24 02:30:00,0.003744415,0.007822666,0.009575335
2022-02-24 03:00:00,-0.00055607874,-0.0018326063,0.0002829507
2022-02-24 03:30:00,-0.0017022798,0.000821352,0.008601084
2022-02-24 04:00:00,-0.0016280897,-0.0055294465,-0.0062999707
2022-02-24 04:30:00,0.003187188,-0.0013627764,0.005539326
2022-02-24 05:00:00,0.0012170784,0.005441269,-0.0047474224
2022-02-24 05:30:00,0.0012419438,0.00017309003,-0.0015659742
2022-02-24 06:00:00,-0.010982447,0.0008145552,-0.0058776755
2022-02-24 06:30:00,-0.015270387,0.0017951261,0.008088013
2022-02-24 07:00:00,0.0037802001,-0.0069413465,-0.014511956
2022-02-24 07:30:00,0.003953429,0.0070176385,0.0038893102
2022-02-24 08:00:00,-0.0056022583,0.009927095,0.0010002488
2022-02-24 08:30:00,-0.0042069117,-0.005722722,0.0039315764
2022-02-24 09:00:00,-0.0047144173,-0.0034506377,-0.0016365871
2022-02-24 09:30:00,0.0028415238,-0.012900064,-0.0028068665
2022-02-24 10:00:00,-0.008465244,-0.0032377485,-0.01021135
2022-02-24 10:30:00,0.0051440494,0.0070256786,0.005088322
2022-02-24 11:00:00,-0.0067713214,-0.009721192,-0.009679701
2022-02-24 11:30:00,-0.006158407,-0.01289008,0.0041002333
2022-02-24 12:00:00,-0.011083097,-0.002965033,0.0016034301
2022-02-24 12:30:00,-0.0070877625,-0.009461146,-0.011997195
2022-02-24 13:00:00,-0.0063905763,-0.010872858,-0.011421315
2022-02-24 13:30:00,-0.011889503,-0.001620857,-0.0074619204
2022-02-24 14:00:00,-0.009724976,-0.014716862,-0.006764857
2022-02-24 14:30:00,-0.00045321044,-0.00057549216,-0.0047216583
2022-02-24 15:00:00,0.0056601306,-0.007012667,-0.0038674232
2022-02-24 15:30:00,-0.005216387,-0.0059757214,-0.00186635
2022-02-24 16:00:00,0.0026476337,0.00044693984,0.005336594
2022-02-24 16:30:00,0.0032148594,0.00049068034,0.0010708459
2022-02-24 17:00:00,-0.008834173,-0.0071170125,-0.0069099087
2022-02-24 17:30:00,0.015927486,0.00325224,0.004604092
2022-02-24 18:00:00,-0.0076183276,-0.012310272,-0.004006723
2022-02-24 18:30:00,-0.006913473,0.0017121304,0.01977563
2022-02-24 19:00:00,0.0070114397,0.0035525095,-0.0013531465
2022-02-24 19:30:00,0.00037348922,0.0021102931,-0.0012470651
2022-02-24 20:00:00,0.007833212,-0.0016136859,-0.0012454744
2022-02-24 20:30:00,-0.003591883,0.0075917253,0.007872926
2022-02-24 21:00:00,-0.008334854,-0.010658676,0.009779185
2022-02-24 21:30:00,0.00293592,0.0021039993,-0.004864853
2022-02-24 22:00:00,0.0133007215,0.004021369,-0.0048949774
2022-02-24 22:30:00,0.023905864,0.024958031,0.008818633
2022-02-24 23:00:00,0.02699168,0.0011915583,-0.010296432
2022-02-24 23:30:00,-0.0041471897,0.029702073,0.030341106
2022-02-25 00:00:00,0.010755559,-0.0013333876,0.0035682153
2022-02-25 00:30:00,-0.0042807115,-0.021906214,-0.02978429
2022-02-25 01:00:00,-0.04332107,-0.035075687,0.0013762992
2022-02-25 01:30:00,-0.025232967,-0.017160902,-0.009806717
2022-02-25 02:00:00,-0.0035410943,-0.007138679,-0.0074600484
2022-02-25 02:30:00,0.008165337,-0.004191002,0.0029560458
2022-02-25 03:00:00,-0.0050552627,-0.0024609528,0.00016039051
2022-02-25 03:30:00,-0.013954713,-0.0015686546,0.0078062005
2022-02-25 04:00:00,0.0021522632,-0.004457401,-0.015962252
2022-02-25 04:30:00,0.0096879,-0.008063713,0.0061780345
2022-02-25 05:00:00,-0.0042375,0.0064909533,-0.00086065196
2022-02-25 05:30:00,0.00088479836,-0.005514104,-0.007503964
2022-02-25 06:00:00,-0.008616016,-0.0036556292,-0.0039164145
2022-02-25 06:30:00,0.0032275608,0.0008104015,-4.431419e-05
2022-02-25 07:00:00,-0.0044439742,0.0046587624,-0.00079843216
2022-02-25 07:30:00,0.0042645643,0.0060526673,-0.00050936453
2022-02-25 08:00:00,-0.003372199,-0.0010284036,-0.0034280699
2022-02-25 08:30:00,-0.009565623,-0.0012129471,0.0030168928
2022-02-25 09:00:00,-0.0051005753,0.0005496666,0.0003917385
2022-02-25 09:30:00,-0.00507176,-0.0077661444,0.00070906244
2022-02-25 10:00:00,-0.001533364,-0.006088676,-0.0073351692
2022-02-25 10:30:00,-0.00472195,-0.0025605168,-0.002634894
2022-02-25 11:00:00,-0.003252795,-0.0033356026,-0.0072524007
2022-02-25 11:30:00,-0.003744186,-0.00065999106,-0.00047492422
2022-02-25 12:00:00,-0.008106035,-0.0055452175,-0.003318077
2022-02-25 12:30:00,-0.0023277244,0.0018347297,0.006931642
2022-02-25 13:00:00,-0.0006889198,-0.004638672,-0.0005094893
2022-02-25 13:30:00,0.0031591477,0.0057637524,-0.0019496325
2022-02-25 14:00:00,0.0009060269,0.0010877196,-0.0032535363
2022-02-25 14:30:00,-0.0040133065,0.0042630676,0.003948584
2022-02-25 15:00:00,-0.0055489456,-0.007088203,0.0039238464
2022-02-25 15:30:00,-0.009984813,0.003167782,0.0059902947
2022-02-25 16:00:00,0.016330097,0.0034463573,0.0032133479
2022-02-25 16:30:00,0.0010201111,0.0018591862,-0.0001773294
2022-02-25 17:00:00,0.006270931,0.008808708,0.002552297
2022-02-25 17:30:00,0.0004735114,0.01468336,0.012664126
2022-02-25 18:00:00,0.0071324604,0.0113751,-0.005842613
2022-02-25 18:30:00,0.00015771296,0.0002460871,-0.009655921
2022-02-25 19:00:00,-0.0006419914,0.0025428925,0.013913801
2022-02-25 19:30:00,0.0023335516,0.0037605856,-0.005954353
2022-02-25 20:00:00,0.009267877,0.001418097,0.0042913686
2022-02-25 20:30:00,-0.00109905,0.018394193,0.011265734
2022-02-25 21:00:00,0.0048676645,0.0033315998,0.0018469077
2022-02-25 21:30:00,-0.022751745,0.009511351,0.010783084
2022-02-25 22:00:00,0.017671248,0.0018934011,0.007941423
2022-02-25 22:30:00,-0.0027584154,0.011971079,0.012542257
2022-02-25 23:00:00,0.0057697045,-0.007988878,0.004425386
2022-02-25 23:30:00,-0.0015651295,0.012125583,0.00528757
2022-02-28 00:00:00,0.017600335,-0.00011118315,0.01206206
2022-02-28 00:30:00,-0.012280707,-0.008166179,0.009106893
2022-02-28 01:00:00,-0.012364772,-0.01502631,-0.016445702
2022-02-28 01:30:00,-0.0020928327,-0.0035685692,-0.0027765036
2022-02-28 02:00:00,-0.0042348625,-0.008074412,0.0021441188
2022-02-28 02:30:00,0.002610121,-0.010836082,0.011181559
2022-02-28 03:00:00,0.0033347663,0.011291662,-0.0011918359
2022-02-28 03:30:00,-0.00038713682,-0.0069963876,0.0028030006
2022-02-28 04:00:00,-0.0069150375,-0.0023613535,-0.006107183
2022-02-28 04:30:00,-0.0002998365,-0.0068077613,0.004263006
2022-02-28 05:00:00,0.0029422743,0.011799367,-0.005650129
2022-02-28 05:30:00,0.0017885948,-0.006330317,-0.007844545
2022-02-28 06:00:00,-0.0009815944,-0.0051206443,-0.00042329915
2022-02-28 06:30:00,-0.0019165091,-0.0032547284,0.0028818436
2022-02-28 07:00:00,0.0019978127,0.004754029,-0.0052261595
2022-02-28 07:30:00,0.005926977,-0.0022476427,0.0013504252
2022-02-28 08:00:00,-0.0025668992,-0.0019008648,-0.0032060873
2022-02-28 08:30:00,0.0008993605,-0.012837211,0.0009547565
2022-02-28 09:00:00,-0.0028685452,-0.011793571,-0.010238526
2022-02-28 09:30:00,0.0020467164,-0.0063706506,0.0048586912
2022-02-28 10:00:00,-0.011608225,-0.0029330682,0.008627918
2022-02-28 10:30:00,0.0045272587,-0.007613782,0.004883649
2022-02-28 11:00:00,0.007078645,0.016993552,-0.002609674
2022-02-28 11:30:00,0.003448179,-0.0012146104,0.006724192
2022-02-28 12:00:00,-0.0036074528,-0.004625393,-0.006249482
2022-02-28 12:30:00,0.0019369954,0.00015984103,0.001035043
2022-02-28 13:00:00,0.00035595056,-0.003816938,-0.0006859824
2022-02-28 13:30:00,0.006019096,-0.0065535884,-0.0013202876
2022-02-28 14:00:00,-0.0045539634,0.0018525533,0.0065650195
2022-02-28 14:30:00,0.00044756196,-0.0043067504,-0.0047507025
2022-02-28 15:00:00,0.004823218,0.0051568467,0.00284094
2022-02-28 15:30:00,-0.0006362451,-0.005745679,-0.001970509
2022-02-28 16:00:00,-0.0019714432,-0.0004456211,0.00012202002
2022-02-28 16:30:00,0.005663011,-0.005179869,0.0018405356
2022-02-28 17:00:00,0.010385006,0.0058075134,0.012377357
2022-02-28 17:30:00,0.006250551,0.006474586,0.0045533534
2022-02-28 18:00:00,0.0026198188,0.010164814,-0.0017117392
2022-02-28 18:30:00,0.005005912,-0.0105767865,0.011668609
2022-02-28 19:00:00,0.008286468,0.01802158,0.01287788
2022-02-28 19:30:00,0.008403181,0.0056783315,0.0077481605
2022-02-28 20:00:00,0.0048622256,0.00047452562,0.008359318
2022-02-28 20:30:00,0.0003296053,0.00904089,0.0072370637
2022-02-28 21:00:00,0.020230565,0.0097867865,0.00401558
2022-02-28 21:30:00,-0.005991486,0.0072530936,0.0026239809
2022-02-28 22:00:00,0.01235539,0.0071455557,0.015086649
2022-02-28 22:30:00,-0.0039673513,0.0023626592,0.0062856395
2022-02-28 23:00:00,0.008597618,0.004365433,0.008541372
2022-02-28 23:30:00,0.010300658,0.018090965,0.002314779
2022-03-01 00:00:00,0.019440692,0.004770605,0.012246117
2022-03-01 00:30:00,0.001454656,-0.0030286293,-0.0045228433
2022-03-01 01:00:00,0.0077282665,0.023032079,0.0051303525
2022-03-01 01:30:00,0.031605463,0.037485152,-0.0117453355
2022-03-01 02:00:00,-0.019240454,0.013428848,0.0101798475
2022-03-01 02:30:00,0.0026776325,0.0054205544,0.005081651
2022-03-01 03:00:00,0.009047294,0.010674829,-0.0053365026
2022-03-01 03:30:00,-0.00045830943,-0.010016309,0.005817633
2022-03-01 04:00:00,-0.008166482,-0.0042754207,-0.0042203534
2022-03-01 04:30:00,0.006700431,-0.003596129,0.0018815566
2022-03-01 05:00:00,-0.012201355,0.004615484,-0.0025585853
2022-03-01 05:30:00,0.0039894953,0.0020958055,0.0017685462
2022-03-01 06:00:00,0.00027481094,-0.009944914,-0.01525593
2022-03-01 06:30:00,0.0011616005,-0.0012697242,0.0032634959
2022-03-01 07:00:00,0.0010600751,0.0010500941,-0.0009536315
2022-03-01 07:30:00,0.0066853277,0.0009204,0.0011743437
2022-03-01 08:00:00,0.0013061119,0.0027214084,0.00041528232
2022-03-01 08:30:00,-0.002017795,0.00065861084,0.000796129
2022-03-01 09:00:00,-0.0030183494,-0.008850871,-0.0041224193
2022-03-01 09:30:00,0.004397031,-0.003929466,0.009634515
2022-03-01 10:00:00,-0.0024769623,-0.00049222447,-0.0035610013
2022-03-01 10:30:00,0.0054387543,-0.0029846262,-0.0001100041
2022-03-01 11:00:00,-0.004969883,-0.0021155812,-0.0028490275
2022-03-01 11:30:00,-0.002169813,-0.0057322066,0.0008444749
2022-03-01 12:00:00,0.0014597997,0.0022664815,-0.00915139
2022-03-01 12:30:00,-0.0049605807,-0.004746245,0.0025277399
2022-03-01 13:00:00,-0.0035357336,-0.016355658,-0.0067633037
2022-03-01 13:30:00,0.001161485,0.0057615843,0.017394915
2022-03-01 14:00:00,-0.0014267443,0.0014896858,0.003082104
2022-03-01 14:30:00,0.008129561,0.007086074,-0.006298354
2022-03-01 15:00:00,-0.0036262805,0.0017965715,0.016265744
2022-03-01 15:30:00,0.014907994,-0.004964173,-0.008810174
2022-03-01 16:00:00,-0.004235436,-0.00014599785,0.013013048
2022-03-01 16:30:00,-0.007031397,-0.006925119,-0.009794373
2022-03-01 17:00:00,-0.0029921262,0.0006742086,-0.006113248
2022-03-01 17:30:00,-0.002355541,0.0017700046,-0.00662533
2022-03-01 18:00:00,0.0029646913,0.014494283,-0.0025676284
2022-03-01 18:30:00,0.002336557,0.002546683,-0.007753918
2022-03-01 19:00:00,-0.010864231,0.0013968106,0.011640615
2022-03-01 19:30:00,-0.006260325,0.0057195798,-0.0016279146
2022-03-01 20:00:00,0.008059683,-0.0025146734,0.0025655003
2022-03-01 20:30:00,0.0069457265,0.00407199,-0.00175393
2022-03-01 21:00:00,0.011880848,0.008655,0.013758363
2022-03-01 21:30:00,0.0061032036,0.015459482,0.005724374
2022-03-01 22:00:00,0.011285453,0.006612191,0.0067189056
2022-03-01 22:30:00,0.0012652176,0.007700758,0.0048191436
2022-03-01 23:00:00,0.0028779013,-0.0025298223,0.009241251
2022-03-01 23:30:00,0.0059899064,0.012181031,0.0085288035
2022-03-02 00:00:00,0.0104415035,0.00784609,0.008203616
2022-03-02 00:30:00,-0.006804454,-0.012818741,-0.009465598
2022-03-02 01:00:00,0.0054447325,-0.001542177,0.008112706
2022-03-02 01:30:00,0.00051493384,0.0074588927,-0.0028898008
2022-03-02 02:00:00,-0.003400254,-0.0024969317,-0.005126437
2022-03-02 02:30:00,-0.0030370094,0.0015353672,0.0077450313
2022-03-02 03:00:00,-0.014076146,-0.0012289379,-0.008905916
2022-03-02 03:30:00,0.01653155,0.009229526,0.0064076316
2022-03-02 04:00:00,0.009151105,0.0047426578,-0.0017480906
2022-03-02 04:30:00,0.004182143,0.003394328,0.0057639945
2022-03-02 05:00:00,0.008662251,0.0039217006,-0.0030047316
2022-03-02 05:30:00,0.0014416194,0.0039533135,0.0020801062
2022-03-02 06:00:00,-0.018807765,-0.012821289,-0.004796395
2022-03-02 06:30:00,-0.0027007237,-0.000286052,0.0027414653
2022-03-02 07:00:00,-0.0013445495,0.0007830821,-0.008376265
2022-03-02 07:30:00,-0.0021839207,-0.0036857072,0.0042868275
2022-03-02 08:00:00,-0.003488266,-0.0067271926,-0.0062472746
2022-03-02 08:30:00,-0.0017842175,-0.0033035725,0.006071289
2022-03-02 09:00:00,-0.0012705149,-0.0028055925,-0.00015721656
2022-03-02 09:30:00,0.002966484,-0.0015074778,-0.0036446378
2022-03-02 10:00:00,-0.0026754485,0.00097412616,-0.0027227718
2022-03-02 10:30:00,0.0028580278,-0.0052682515,-0.00270419
2022-03-02 11:00:00,-0.0027920483,-0.00033293106,0.00059048645
2022-03-02 11:30:00,0.00068584364,0.0008738134,0.00029387884
2022-03-02 12:00:00,-0.0022748904,-0.0042351168,-0.009013621
2022-03-02 12:30:00,-0.0051699216,-0.0020094756,0.0020811427
2022-03-02 13:00:00,-0.00076224003,-0.00452777,-0.0026085023
2022-03-02 13:30:00,-0.00058289245,-0.006462587,-0.004305523
2022-03-02 14:00:00,-0.004786159,-0.0048937947,-0.001561258
2022-03-02 14:30:00,-0.00027099997,0.0010009967,-0.0005798768
2022-03-02 15:00:00,0.002857902,0.0068696933,-0.0034978818
2022-03-02 15:30:00,-0.0022397228,-0.0035164356,-0.0008375887
2022-03-02 16:00:00,-0.0027518505,-0.0020304285,-0.0010033548
2022-03-02 16:30:00,-0.0011246232,0.0008199904,0.0016867891
2022-03-02 17:00:00,0.00053341966,0.0033961367,0.011007605
2022-03-02 17:30:00,0.0139678605,0.0020106323,-0.008540796
2022-03-02 18:00:00,-0.0036127502,0.008934291,0.009987062
2022-03-02 18:30:00,-0.0069519645,0.0022439193,0.0111786695
2022-03-02 19:00:00,0.005275375,0.00065671466,0.0009157993
2022-03-02 19:30:00,0.0043726107,0.006047761,0.004911201
2022-03-02 20:00:00,0.008581285,0.009243128,0.006331522
2022-03-02 20:30:00,-0.0003744727,0.007298127,0.00091743656
2022-03-02 21:00:00,0.0082255555,0.00041878037,0.00222997
2022-03-02 21:30:00,-0.0017806366,0.005768245,-0.000832757
2022-03-02 22:00:00,0.007719922,0.0005403999,0.00461491
2022-03-02 22:30:00,-0.00052163936,0.012216248,-0.0033273213
2022-03-02 23:00:00,0.018171698,0.00756119,0.012305729
2022-03-02 23:30:00,0.0019875048,0.0147305075,0.0030673062
2022-03-03 00:00:00,0.014326942,0.008601945,0.014192171
2022-03-03 00:30:00,-0.008860457,-0.0121292155,-0.0229413
2022-03-03 01:00:00,-0.001986227,-0.014709169,-0.00988498
2022-03-03 01:30:00,0.010473849,0.008751169,0.013075551
2022-03-03 02:00:00,-0.003972021,-0.002338374,-0.007309558
2022-03-03 02:30:00,0.003160973,-0.0015715938,0.0046345266
2022-03-03 03:00:00,-0.0021781428,0.0017941892,0.0014625285
2022-03-03 03:30:00,0.0043187896,0.0035519209,0.0035544755
2022-03-03 04:00:00,-0.007587851,-0.00031096302,-0.0065590777
2022-03-03 04:30:00,0.0033266554,-0.0013462827,-0.0018106494
2022-03-03 05:00:00,-0.0044822907,-0.0012549255,-0.012193758
2022-03-03 05:30:00,0.0002573831,-0.0024197511,0.0053011756
2022-03-03 06:00:00,-0.00629769,-0.0067839883,-0.018674241
2022-03-03 06:30:00,-0.006744501,-0.002914384,0.0064807963
2022-03-03 07:00:00,-0.0059806323,0.006294528,-0.017959023
2022-03-03 07:30:00,-0.003202131,-0.010837382,-0.011208737
2022-03-03 08:00:00,-0.0041272407,-0.0032538027,0.002965251
2022-03-03 08:30:00,0.002389731,0.00063560344,0.0031492002
2022-03-03 09:00:00,0.00082272757,0.0008280929,-0.0022489075
2022-03-03 09:30:00,-0.0055812774,-0.0008757133,0.0062387427
2022-03-03 10:00:00,-0.0017158501,-0.0038657486,-0.0075098183
2022-03-03 10:30:00,-0.00011526514,-0.003533041,0.0009488305
2022-03-03 11:00:00,-0.003653937,0.000681825,-0.0023274887
2022-03-03 11:30:00,0.0035803095,-0.0003668163,-0.0024185982
2022-03-03 12:00:00,0.0018502185,-0.00020389818,-0.0022941101
2022-03-03 12:30:00,-0.00078680925,-0.005112363,-0.0036380533
2022-03-03 13:00:00,-0.005739535,-0.0030375347,-0.0076471344
2022-03-03 13:30:00,-0.00014995597,-0.0013349894,-0.00039836392
2022-03-03 14:00:00,0.00092042517,-0.0028457604,-0.0017404519
2022-03-03 14:30:00,0.00011923816,-0.00619773,0.0034903158
2022-03-03 15:00:00,-0.005937428,-0.0019879285,-0.0028655343
2022-03-03 15:30:00,0.0015172204,-0.0047798697,-0.009165326
2022-03-03 16:00:00,-0.004898959,-0.006672265,-0.0036711842
2022-03-03 16:30:00,0.00616026,-0.00092815235,0.0010101916
2022-03-03 17:00:00,-0.006044018,-0.0046144873,-0.0075968355
2022-03-03 17:30:00,0.004671366,0.0012173001,-0.008816825
2022-03-03 18:00:00,-0.0075890357,0.016047688,-0.0015136767
2022-03-03 18:30:00,-0.0060889227,0.008528939,0.0020199586
2022-03-03 19:00:00,0.007333326,0.009675226,0.0054233577
2022-03-03 19:30:00,-0.0047138026,0.007136573,0.0010626977
2022-03-03 20:00:00,-0.002076649,-0.0063332226,0.0041959956
2022-03-03 20:30:00,0.0043162946,0.0076664053,0.005788843
2022-03-03 21:00:00,0.00876592,-0.00032727234,-0.00085986033
2022-03-03 21:30:00,-0.001601412,0.011105327,0.0031184983
2022-03-03 22:00:00,0.006410177,0.0018720608,0.008300731
2022-03-03 22:30:00,0.0027035298,0.008111672,0.004097744
2022-03-03 23:00:00,0.012059246,0.010929961,0.0070801694
2022-03-03 23:30:00,0.002269132,0.02131699,-0.0012254193
2022-03-04 00:00:00,0.012339451,0.008455621,0.009216851
2022-03-04 00:30:00,-0.01028851,0.0020367932,-0.007791031
2022-03-04 01:00:00,-0.0021430692,-0.0037616268,-0.0070685875
2022-03-04 01:30:00,-0.0018932624,-0.007112397,0.0100509655
2022-03-04 02:00:00,0.0009905966,-0.00014077127,-0.0017945524
2022-03-04 02:30:00,2.2183172e-05,0.0018629804,0.0061623165
2022-03-04 03:00:00,0.0015139086,0.005022103,-0.020901268
2022-03-04 03:30:00,-0.011165799,-0.00045385025,0.0018893797
2022-03-04 04:00:00,-0.019734494,-0.004162064,-0.012877865
2022-03-04 04:30:00,0.0037923614,0.0051741023,0.0016449075
2022-03-04 05:00:00,-0.0061800266,-0.0047967862,-0.012355758
2022-03-04 05:30:00,0.002323457,0.0012339428,0.0045802984
2022-03-04 06:00:00,-0.012084984,-0.002112234,-0.0013817362
2022-03-04 06:30:00,-0.005566987,-0.0065160394,-0.0027061496
2022-03-04 07:00:00,0.0022833245,0.0058163814,0.00523589
2022-03-04 07:30:00,0.00042399857,0.001858769,-0.00017890707
2022-03-04 08:00:00,-0.0011481699,-0.00071522035,-0.0049562696
2022-03-04 08:30:00,-0.0028693695,-0.002206657,-0.00037433766
2022-03-04 09:00:00,-0.00029142573,0.00079332106,-0.002279127
2022-03-04 09:30:00,-0.002354011,-0.0026410427,-0.000276573
2022-03-04 10:00:00,-0.0018473398,-0.0010921881,-0.00487864
2022-03-04 10:30:00,-0.0008398276,-0.0004776735,0.00077699684
2022-03-04 11:00:00,-0.011688386,0.004767455,0.0018374287
2022-03-04 11:30:00,0.010605157,0.006829122,-0.01353726
2022-03-04 12:00:00,-0.00957425,-0.0026727188,0.0010831226
2022-03-04 12:30:00,-0.012467257,-0.004118558,-0.0057631675
2022-03-04 13:00:00,-0.00043000747,-0.0022912677,-0.001474278
2022-03-04 13:30:00,0.0018346598,-0.00078547,-0.003892012
2022-03-04 14:00:00,0.0010202872,-0.0006148778,-0.0027423427
2022-03-04 14:30:00,-0.0013027703,-0.0031227488,-3.6245212e-05
2022-03-04 15:00:00,-0.003398222,0.0040632915,0.0018154513
2022-03-04 15:30:00,-0.0015932322,0.00065083243,-0.00014622882
2022-03-04 16:00:00,-0.00048367959,-0.0006592404,-0.0025923625
2022-03-04 16:30:00,0.00013067015,-0.0024070945,-0.0014698394
2022-03-04 17:00:00,0.0067559304,0.014303893,-0.008142551
2022-03-04 17:30:00,0.0030805701,0.013754817,-0.0012162868
2022-03-04 18:00:00,-0.0049522826,0.0006633606,0.006716011
2022-03-04 18:30:00,-0.010577965,0.015553733,0.00042110495
2022-03-04 19:00:00,0.00067733694,0.0024739876,-0.0023485813
2022-03-04 19:30:00,-0.004881506,0.010774458,-0.0016620178
2022-03-04 20:00:00,0.008337817,0.004606912,0.008247284
2022-03-04 20:30:00,0.0014022533,0.009346362,-0.0015118718
2022-03-04 21:00:00,0.010658982,0.009263432,0.009779209
2022-03-04 21:30:00,0.00730126,0.016477661,0.0017286651
2022-03-04 22:00:00,0.009830943,0.0128623005,0.013089456
2022-03-04 22:30:00,0.009330433,0.030333752,0.005096972
2022-03-04 23:00:00,0.021066554,0.017390922,0.009827161
2022-03-04 23:30:00,-0.014832948,0.018110894,0.008304957
2022-03-07 00:00:00,0.015659098,0.004292911,0.0033997353
2022-03-07 00:30:00,-0.024322957,-0.0075941756,0.019500142
2022-03-07 01:00:00,-0.00031655375,-0.006969791,-0.015962044
2022-03-07 01:30:00,0.010896205,0.015457623,0.0037314184
2022-03-07 02:00:00,-0.0027460111,0.00407774,-0.005434623
2022-03-07 02:30:00,0.0094400365,0.0036889706,0.024881933
2022-03-07 03:00:00,0.0023828112,0.0023122616,-0.011310188
2022-03-07 03:30:00,0.0047341045,-0.0033597406,0.008320535
2022-03-07 04:00:00,0.0016431594,-0.0033788588,-0.008091712
2022-03-07 04:30:00,-0.0034361696,-0.0038965475,-0.0020587891
2022-03-07 05:00:00,-0.0032566823,0.00066215545,-0.010194352
2022-03-07 05:30:00,-0.0026921583,-0.0036085658,-0.00037906505
2022-03-07 06:00:00,-0.0008993121,-0.0053018983,-0.0068526007
2022-03-07 06:30:00,0.0009459546,-0.0049750935,0.0025305497
2022-03-07 07:00:00,-0.0045518363,-0.0007221103,-0.005048543
2022-03-07 07:30:00,-0.0010903114,-0.006188415,0.002118704
2022-03-07 08:00:00,0.0017595896,-0.002005836,-0.0065828804
2022-03-07 08:30:00,-0.0026773605,-0.004729608,0.0048749223
2022-03-07 09:00:00,-0.010768796,-0.008439342,-0.009740286
2022-03-07 09:30:00,-0.0054584043,-0.008598551,-0.00638145
2022-03-07 10:00:00,0.005299584,0.0061798077,-0.002408659
2022-03-07 10:30:00,-0.000116382726,0.0027156044,0.005422456
2022-03-07 11:00:00,-0.006469031,-0.0048523266,-0.009684844
2022-03-07 11:30:00,0.0018184055,0.00270571,0.01014195
2022-03-07 12:00:00,0.0044522556,-0.0007089209,-0.0033418797
2022-03-07 12:30:00,0.0028459243,-0.0038419217,0.0022506136
2022-03-07 13:00:00,-0.0027894145,0.0041968636,0.0057964325
2022-03-07 13:30:00,-0.0027999515,-0.0008483529,-0.004908303
2022-03-07 14:00:00,-0.00079531875,-0.0018149894,-0.0004977789
2022-03-07 14:30:00,0.0036496026,-0.0068683196,-0.0069570336
2022-03-07 15:00:00,-0.004136049,0.0015435349,0.007187251
2022-03-07 15:30:00,0.0037227394,-0.0068459716,-0.010287626
2022-03-07 16:00:00,-0.009092872,-0.006097419,0.009083871
2022-03-07 16:30:00,0.008731936,0.0031808745,-0.0035479236
2022-03-07 17:00:00,-0.0050221244,-0.00067748316,0.0024307743
2022-03-07 17:30:00,0.0010745963,0.0015669093,0.0069022113
2022-03-07 18:00:00,0.0038036583,0.004817201,-0.0011902843
2022-03-07 18:30:00,-0.0045406604,-0.005382782,0.0034113377
2022-03-07 19:00:00,0.012039919,0.01002639,-0.0024035256
2022-03-07 19:30:00,0.005501422,0.012826301,-0.0055659767
2022-03-07 20:00:00,-0.010167149,-0.0067730043,0.0020418093
2022-03-07 20:30:00,-0.004153519,-0.005884817,-0.0029663127
2022-03-07 21:00:00,-0.006157757,-0.0035033897,-0.0046164747
2022-03-07 21:30:00,-0.016276263,-0.0034534838,-0.00436127
2022-03-07 22:00:00,0.007854161,0.0052029844,0.0071437284
2022-03-07 22:30:00,-0.0010227496,0.0032656696,-0.011552708
2022-03-07 23:00:00,0.0032967748,0.002394395,0.012081325
2022-03-07 23:30:00,-0.0075423783,0.00498577,0.009688672
2022-03-08 00:00:00,0.0028933575,-0.0005463008,0.002708665
2022-03-08 00:30:00,-0.0067347577,-0.016107345,6.0990453e-05
2022-03-08 01:00:00,0.015088345,0.0063076057,-0.0035953019
2022-03-08 01:30:00,-0.0028136363,0.012640322,0.012261309
2022-03-08 02:00:00,-0.001333259,0.002071496,-0.0028447043
2022-03-08 02:30:00,-0.00024829898,-0.008853668,0.003446849
2022-03-08 03:00:00,-0.00022620987,0.0016980171,-0.0010984354
2022-03-08 03:30:00,-0.005304289,-0.0043995474,0.002735421
2022-03-08 04:00:00,-0.0011617551,0.0033155642,-0.010581421
2022-03-08 04:30:00,0.0009377105,-0.007802656,-0.000627663
2022-03-08 05:00:00,-0.004113606,0.004064558,-0.0026700199
2022-03-08 05:30:00,-0.0024578962,-0.012749711,-0.00073347054
2022-03-08 06:00:00,-0.00866077,-0.001154447,-0.0039502084
2022-03-08 06:30:00,0.0017338237,-0.0021802802,0.002181679
2022-03-08 07:00:00,-0.00089873094,-0.003590351,-0.003709929
2022-03-08 07:30:00,0.0015985873,-0.0032588765,0.0021031704
2022-03-08 08:00:00,0.0003278479,0.0027321372,-0.003301112
2022-03-08 08:30:00,0.0032638041,-0.0016252566,0.0035396274
2022-03-08 09:00:00,-0.00019026548,-0.00026023947,-0.0025304891
2022-03-08 09:30:00,0.0017652716,-0.0013627503,0.001594102
2022-03-08 10:00:00,-0.0007730676,-0.0013050083,-0.0014950205
2022-03-08 10:30:00,0.004231615,-0.0057384707,-0.0025501996
2022-03-08 11:00:00,0.0023208065,0.007063425,0.0068851653
2022-03-08 11:30:00,0.000548332,-0.0018997546,-0.0055732075
2022-03-08 12:00:00,0.006519365,0.0018511284,0.0013981219
2022-03-08 12:30:00,0.00061443355,-0.0046139564,-0.0059353113
2022-03-08 13:00:00,-0.00016702246,0.00081326626,0.008614054
2022-03-08 13:30:00,0.0014646379,-0.0018204208,-0.0048653875
2022-03-08 14:00:00,-0.0018702308,0.0009842422,0.0008198954
2022-03-08 14:30:00,-0.007449637,-0.0051867235,-0.0015845094
2022-03-08 15:00:00,0.0002525663,-0.0014149137,-0.00060965866
2022-03-08 15:30:00,0.0040633297,-0.004907757,-0.00082384795
2022-03-08 16:00:00,0.0008917758,-0.0014687087,0.0035622884
2022-03-08 16:30:00,0.0036766725,0.003614055,0.0027957577
2022-03-08 17:00:00,-0.0029699346,-0.0048030578,-0.008924557
2022-03-08 17:30:00,-0.012807605,-0.007330451,-0.006098969
2022-03-08 18:00:00,0.0010845708,-0.0003095474,0.002852695
2022-03-08 18:30:00,0.011297879,0.018526727,-0.00234689
2022-03-08 19:00:00,0.0037171273,0.004939461,0.004973009
2022-03-08 19:30:00,-0.0029927073,0.018561002,0.006696796
2022-03-08 20:00:00,0.018288448,0.0045807846,0.007401122
2022-03-08 20:30:00,0.012731799,0.0023889411,0.0041023195
2022-03-08 21:00:00,0.007005078,0.016075127,0.0053204466
2022-03-08 21:30:00,0.004354829,0.010271886,0.0034033507
2022-03-08 22:00:00,0.0047619203,0.00016366504,0.005604841
2022-03-08 22:30:00,-0.003485539,0.009172525,0.0026366003
2022-03-08 23:00:00,0.0126935495,0.00433523,0.009564914
2022-03-08 23:30:00,-0.0045334017,0.013013223,-0.0020925198
2022-03-09 00:00:00,0.014192167,0.0013178922,0.0062159672
2022-03-09 00:30:00,-0.0110352775,-0.010857521,0.0005832091
2022-03-09 01:00:00,0.0019700779,0.0062237885,0.004306255
2022-03-09 01:30:00,-0.00389444,0.010566723,0.0039106254
2022-03-09 02:00:00,0.003856496,0.0034895912,-0.0027677882
2022-03-09 02:30:00,0.0010274565,-0.000832526,0.0039576767
2022-03-09 03:00:00,0.004553617,0.0005060211,-0.0016827453
2022-03-09 03:30:00,-0.001248546,-0.007288141,0.0031812508
2022-03-09 04:00:00,0.0033931835,0.009517705,0.0014444329
2022-03-09 04:30:00,-0.004163037,0.0037593246,0.004887875
2022-03-09 05:00:00,-0.0045684176,-0.0013147052,-0.007697329
2022-03-09 05:30:00,0.0089638075,0.0044380333,0.005006537
2022-03-09 06:00:00,0.008815729,0.020149203,0.014581386
2022-03-09 06:30:00,0.021945585,0.011331473,-0.0028341245
2022-03-09 07:00:00,0.009205368,0.0128504345,-0.0045059584
2022-03-09 07:30:00,0.002543334,0.0027760305,0.0074080853
2022-03-09 08:00:00,-0.0014227023,0.0027328208,-0.0052177403
2022-03-09 08:30:00,0.0005298769,-0.0019668397,0.0024134917
2022-03-09 09:00:00,0.0018546833,0.0010748431,-0.0034970865
2022-03-09 09:30:00,0.0034383535,-0.002217263,-0.0031987503
2022-03-09 10:00:00,-0.0050717415,-0.0022837818,0.002066628
2022-03-09 10:30:00,-0.00064234994,-0.0008686818,0.00089096744
2022-03-09 11:00:00,0.0043510096,-0.0033616535,-0.007190535
2022-03-09 11:30:00,0.0021388317,0.0030748975,0.00021330081
2022-03-09 12:00:00,-0.0012815678,-0.0038488042,-0.0009699594
2022-03-09 12:30:00,0.0014654025,-0.0025168937,0.0022907276
2022-03-09 13:00:00,-0.0020341733,-0.00083894655,-0.0013383646
2022-03-09 13:30:00,0.0018830197,-0.0016582552,0.0023341998
2022-03-09 14:00:00,-0.00031038467,-0.00014946423,0.0040008947
2022-03-09 14:30:00,-9.854976e-05,0.002518706,-0.0021375176
2022-03-09 15:00:00,0.006639664,0.0030992478,9.148568e-05
2022-03-09 15:30:00,-0.0043725455,0.0005940106,0.0014873147
2022-03-09 16:00:00,-0.0015752846,0.0063397875,-0.0040452406
2022-03-09 16:30:00,-0.0032361038,0.0019209143,-0.0031935852
2022-03-09 17:00:00,0.007931187,0.00015619583,0.006489599
2022-03-09 17:30:00,0.0042989524,0.005495267,0.0010073138
2022-03-09 18:00:00,0.0027802857,-0.0028266963,0.0021628123
2022-03-09 18:30:00,0.0072804233,0.0046189893,-0.0012337752
2022-03-09 19:00:00,0.006816198,0.005175039,0.010205936
2022-03-09 19:30:00,-0.00350337,0.0083178375,-0.0019278359
2022-03-09 20:00:00,0.0022564037,-0.0068872627,0.012702057
2022-03-09 20:30:00,-0.0014994992,0.014932417,0.0033754176
2022-03-09 21:00:00,0.005318417,-0.005642036,-0.008232957
2022-03-09 21:30:00,-0.002404957,0.012458103,0.0066748047
2022-03-09 22:00:00,0.015088086,0.0056898203,0.012000576
2022-03-09 22:30:00,0.009864056,0.020426702,0.0058734706
2022-03-09 23:00:00,0.012003035,0.004159825,0.002674289
